{"cameraMode":{"drawMode":0,"name":"Shaded","section":"Shading Mode"},"sceneLighting":true,"audioPlay":false,"sceneViewState":{"m_AlwaysRefresh":false,"showFog":false,"showSkybox":false,"showFlares":false,"showImageEffects":false,"showParticleSystems":false,"showVisualEffectGraphs":false,"m_FxEnabled":true},"in2DMode":false,"pivot":{"x":0.4704318046569824,"y":1.0918926000595093,"z":0.05671572685241699},"rotation":{"x":0.22057604789733888,"y":0.04153238609433174,"z":-0.009399035014212132,"w":0.9744434952735901},"size":1.2247449159622193,"orthographic":false}