{"cameraMode":{"drawMode":0,"name":"Shaded","section":"Shading Mode"},"sceneLighting":true,"audioPlay":false,"sceneViewState":{"m_AlwaysRefresh":false,"showFog":false,"showSkybox":false,"showFlares":false,"showImageEffects":false,"showParticleSystems":false,"showVisualEffectGraphs":false,"m_FxEnabled":true},"in2DMode":false,"pivot":{"x":3.7707390785217287,"y":-16.319183349609376,"z":31.907337188720704},"rotation":{"x":0.22796934843063355,"y":0.05750516057014465,"z":-0.01348810363560915,"w":0.9718793630599976},"size":26.16014289855957,"orthographic":false}