{"cameraMode":{"drawMode":0,"name":"Shaded","section":"Shading Mode"},"sceneLighting":true,"audioPlay":false,"sceneViewState":{"m_AlwaysRefresh":false,"showFog":false,"showSkybox":false,"showFlares":false,"showImageEffects":false,"showParticleSystems":false,"showVisualEffectGraphs":false,"m_FxEnabled":true},"in2DMode":false,"pivot":{"x":72.03446197509766,"y":-67.26457977294922,"z":196.10122680664063},"rotation":{"x":0.2458542287349701,"y":0.0014503541169688106,"z":-0.00038528558798134327,"w":0.9693215489387512},"size":87.70427703857422,"orthographic":false}